codon_position,mismatches,total,mutation_rate
1,308,429,0.717948717948718
2,265,429,0.6177156177156177
3,303,429,0.7062937062937062
