codon_position,mismatches,total,mutation_rate
1,2,6,0.3333333333333333
2,4,6,0.6666666666666666
3,4,6,0.6666666666666666
