codon_position,mismatches,total,mutation_rate
1,34,45,0.7555555555555555
2,35,45,0.7777777777777778
3,32,45,0.7111111111111111
